<?xml version="1.0" encoding="UTF-8"?>
<beans xmlns="http://www.springframework.org/schema/beans"
       xmlns:xsi="http://www.w3.org/2001/XMLSchema-instance"
       xmlns:context="http://www.springframework.org/schema/context"
       xmlns:tx="http://www.springframework.org/schema/tx"
       xmlns:aop="http://www.springframework.org/schema/aop"
       xsi:schemaLocation="http://www.springframework.org/schema/beans http://www.springframework.org/schema/beans/spring-beans.xsd
        http://www.springframework.org/schema/context  http://www.springframework.org/schema/context/spring-context.xsd
        http://www.springframework.org/schema/tx  http://www.springframework.org/schema/tx/spring-tx.xsd
        http://www.springframework.org/schema/aop  http://www.springframework.org/schema/aop/spring-aop.xsd">


    <!--数据源配置 DataSource 链接数据库-->
    <!--加载properties文件-->
    <context:property-placeholder location="classpath:druid.properties"></context:property-placeholder>

    <!--DataSource-->
    <bean id="dataSource" class="com.alibaba.druid.pool.DruidDataSource">
        <property name="driverClassName" value="${driverClassName}"></property>
        <property name="username" value="${user}"></property>
        <property name="password" value="${password}"></property>
        <property name="url" value="${url}"></property>
        <property name="initialSize" value="${initialSize}"></property>
        <property name="maxActive" value="${maxActive}"></property>
    </bean>

    <bean id="jdbcTemplate" class="org.springframework.jdbc.core.JdbcTemplate">
        <property name="dataSource" ref="dataSource"></property>
    </bean>

    <bean id="accountDaoImpl" class="com.icss.dao.AccountDaoImpl">
        <property name="jdbcTemplate" ref="jdbcTemplate"></property>
    </bean>

    <bean id="accoutServiceImpl" class="com.icss.service.impl.AccountServiceImpl">
        <property name="accountDao" ref="accountDaoImpl"></property>
    </bean>

    <!--配置事务管理器-->
    <bean id="txManager" class="org.springframework.jdbc.datasource.DataSourceTransactionManager">
        <property name="dataSource" ref="dataSource"></property>
    </bean>

    <!--&lt;!&ndash;配置事务通知&ndash;&gt;
    <tx:advice transaction-manager="txManager" id="txAdvice">
        <tx:attributes>
            <tx:method name="transfer*" isolation="DEFAULT" propagation="REQUIRED" read-only="false"/>
            <tx:method name="select*" isolation="DEFAULT" propagation="REQUIRED" read-only="true"></tx:method>
        </tx:attributes>
    </tx:advice>

    &lt;!&ndash;声明式事务 AOP 通知完成事务配置&ndash;&gt;
    <aop:config>
        <aop:pointcut id="pc" expression="execution(* com.icss.service.impl.AccountServiceImpl.*(..))"/>
        <aop:advisor advice-ref="txAdvice" pointcut-ref="pc"></aop:advisor>
    </aop:config>-->

    <!--通过注解实现事务配置-->
    <context:component-scan base-package="com.icss"></context:component-scan>

    <!--配置事务管理器-->
    <tx:annotation-driven transaction-manager="txManager"></tx:annotation-driven>


</beans>